
Create table Customers
(
	C_ID NUMBER (4),
	Name varchar2 (20),
	Username varchar2 (20),
	password varchar2 (20),
	Email varchar2 (40),
	Gender varchar2 (20),
	Height decimal (3,2),
	Age NUMBER (3),
	PHONE NUMBER (11),
        CONSTRAINT PK_CUSTOMERS PRIMARY KEY (C_ID)
);
 
INSERT INTO CUSTOMERS VALUES (1000,'Abdullah','Abdullah1','333222','abdullah@gmail.com','male',5.85,25,3332229255);
INSERT INTO CUSTOMERS VALUES (1001,'Ali','ali1','112233','ali@gmail.com','male',6.1,28,3442428734);
INSERT INTO CUSTOMERS VALUES (1002,'Nabeel','Nabe','a333a','nabeel@gmail.com','male','5.11',32,3332228731);
INSERT INTO CUSTOMERS VALUES (1003,'Asim Ali','Asi1996','333acv','asim@gmail.com','male','5.9',32,346248735);
INSERT INTO CUSTOMERS VALUES (1004,'Kamran','Kamu1','34a4v','kamran@gmail.com','male','5.10',32,3452428736);
INSERT INTO CUSTOMERS VALUES (1005,'Akram','Aram1','3a3ada','akram@gmail.com','male','5.7',32,11472428737);
INSERT INTO CUSTOMERS VALUES (1006,'Sami','Sam','3r3dgd','sami@gmail.com','male',5.85,25,9332229255);
INSERT INTO CUSTOMERS VALUES (1007,'Aftab','Aftab6','343afcf','aftab@gmail.com','male','6.1',28,8442428734);
INSERT INTO CUSTOMERS VALUES (1008,'Nabeela','Nabu16','323hjg','nabeela@gmail.com','female','5.4',32,7332228731);
INSERT INTO CUSTOMERS VALUES (1009,'Asma','Asm1','333acv','asma@gmail.com','male','5.9',32,646248735);
INSERT INTO CUSTOMERS VALUES (1010,'Kashif','KKashif','131ui','kashif@gmail.com','male','5.10',32,5452428736);
INSERT INTO CUSTOMERS VALUES (1011,'Basit','Basit2','223agj','basit@gmail.com','male','5.7',32,4472428737);
INSERT INTO CUSTOMERS VALUES (1012,'Abbas','Abbas96','443scx','abbas@gmail.com','male','5.7',32,4472428737);


Create table Membership 
(
	M_ID NUMBER (4),
	C_ID NUMBER (4),
	M_lENGTH VARCHAR2(20),
	DATE_STARTED DATE,
	M_TYPE VARCHAR2(20),
	M_RATE NUMBER (11),
	CONSTRAINT PK_MEMBERSHIP PRIMARY KEY (M_ID),
	CONSTRAINT FK_MEMBRSHIP FOREIGN KEY(C_ID) REFERENCES CUSTOMERS(C_ID)
);

INSERT INTO Membership VALUES (1500,1000,'1 year','22-jun-20','standard',5000);
INSERT INTO Membership VALUES (1501,1001,'1 year','12-jul-20','standard',5000);
INSERT INTO Membership VALUES (1502,1002,'3 years','22-jan-20','Gold',10000);
INSERT INTO Membership VALUES (1503,1003,'1 year','12-jan-20','standard',5000);
INSERT INTO Membership VALUES (1504,1004,'3 years','22-feb-20','Gold',10000);
INSERT INTO Membership VALUES (1505,1005,'1 year','12-jul-20','standard',5000);
INSERT INTO Membership VALUES (1506,1006,'2 years','22-mar-20','silver',7500);
INSERT INTO Membership VALUES (1507,1007,'1 year','12-apr-20','standard',5000);
INSERT INTO Membership VALUES (1508,1008,'2 years','22-apr-20','silver',7500);
INSERT INTO Membership VALUES (1509,1009,'1 year','12-may-20','standard',5000);
INSERT INTO Membership VALUES (1510,1010,'4 years','22-may-20','platinium',12000);
INSERT INTO Membership VALUES (1511,1011,'1 year','12-jun-20','standard',5000);

CREATE TABLE CHECKLIST
(
	CHECK_ID NUMBER (4),
	C_ID NUMBER (4),
	ON_DATE DATE,
	WEIGHT DECIMAL (5,2),
	CHEST DECIMAL (4,2),
	BICEPS DECIMAL (4,2),
	BMI DECIMAL (4,2),
	WAIST DECIMAL (4,2),
	CONSTRAINT PK_CHECKLIST PRIMARY KEY (CHECK_ID),
	CONSTRAINT FK_CHECKLIST FOREIGN KEY(C_ID) REFERENCES CUSTOMERS(C_ID)
);

INSERT INTO CHECKLIST VALUES (250,1000,'25-jun-20',80.5,37.25,16,28,32);
INSERT INTO CHECKLIST VALUES (251,1000,'26-jun-20',80.5,37.25,16,28,32);
INSERT INTO CHECKLIST VALUES (252,1000,'27-jun-20',80.5,37.25,16,28,32);
INSERT INTO CHECKLIST VALUES (253,1000,'28-jun-20',80.3,37.25,16,28,32);
INSERT INTO CHECKLIST VALUES (254,1000,'30-jun-20',80.3,37.25,16,28,32);
INSERT INTO CHECKLIST VALUES (255,1000,'01-juL-20',80.3,37.25,16,28,32);
INSERT INTO CHECKLIST VALUES (256,1000,'03-jul-20',80.3,37.25,16,28,32);
INSERT INTO CHECKLIST VALUES (257,1000,'04-jul-20',80.3,37.25,16,28,32);
INSERT INTO CHECKLIST VALUES (258,1000,'05-jul-20',80.1,37.25,16.2,28,31.4);
INSERT INTO CHECKLIST VALUES (259,1000,'06-jul-20',80.1,37.15,16.2,28,31.4);
INSERT INTO CHECKLIST VALUES (260,1000,'07-jul-20',80.1,37.15,16.2,28,31.4);
INSERT INTO CHECKLIST VALUES (261,1000,'08-jul-20',80.1,37.15,16.2,27.9,31.4);
INSERT INTO CHECKLIST VALUES (262,1000,'10-jul-20',79.9,37.15,16.2,27.9,31.4);
INSERT INTO CHECKLIST VALUES (263,1000,'11-jul-20',79.9,37.15,16.2,27.9,31.4);
INSERT INTO CHECKLIST VALUES (264,1000,'12-jul-20',79.9,37.15,16.2,27.9,31.4);
INSERT INTO CHECKLIST VALUES (265,1000,'13-jul-20',79.9,37.15,16.2,27.9,31.4);
INSERT INTO CHECKLIST VALUES (266,1000,'14-jul-20',79.7,37.15,16.2,27.9,31.4);
INSERT INTO CHECKLIST VALUES (267,1000,'15-jul-20',79.7,37.15,16.2,27.9,31.4);
INSERT INTO CHECKLIST VALUES (268,1000,'17-jul-20',79.7,37.1,16.2,27.9,31.4);


CREATE TABLE PLANS
(
	PLAN_ID  NUMBER (4),
	C_ID NUMBER (4),
	PLAN_TYPE VARCHAR2(20),
	STARTING_DATE DATE,
	ENDING_DATE DATE,	
	PLAN_DURATION VARCHAR2 (20),
	CONSTRAINT PK_PLANS PRIMARY KEY (PLAN_ID),
	CONSTRAINT FK_PLANS FOREIGN KEY(C_ID) REFERENCES CUSTOMERS(C_ID)
);

INSERT INTO PLANS VALUES (1,1000,'weight loss','10-jul-20','10-oct-20','3 months');
INSERT INTO PLANS VALUES (2,1001,'weight gain','21-jan-21','21-may-21','4 months');
INSERT INTO PLANS VALUES (3,1002,'weight gain','20-jun-21','20-oct-21','4 months');
INSERT INTO PLANS VALUES (4,1003,'six packs','15-aug-20','15-nov-20','3 months');
INSERT INTO PLANS VALUES (5,1004,'strong back','1-jul-20','11-nov-20','4 months');


CREATE  TABLE intakeLogs
(
	LOG_ID NUMBER (4),
	PLAN_ID	 NUMBER (4),
	CHECK_ID NUMBER (4),
	CARBOHYDRATES DECIMAL (8,2),
	PROTEINS DECIMAL (8,2),
	FATS DECIMAL (8,2),
	CALORIES DECIMAL (8,2),
	CONSTRAINT PK_inTakeLogs PRIMARY KEY (LOG_ID),
	CONSTRAINT FK_intakeLogs1 FOREIGN KEY(PLAN_ID) REFERENCES PLANS(PLAN_ID),
	CONSTRAINT FK_intakeLogs2 FOREIGN KEY(CHECK_ID) REFERENCES CHECKLIST(CHECK_ID)
);

INSERT INTO intakelogs VALUES (1,1,250,300,65,53,1900);
INSERT INTO intakelogs VALUES (2,2,250,310,63,45,1960);
INSERT INTO intakelogs VALUES (3,3,250,295,60,51,2000);
INSERT INTO intakelogs VALUES (4,4,250,305,62,50,2200);
INSERT INTO intakelogs VALUES (5,5,250,290,61,48,2100);


CREATE TABLE EXERCISE 
(
	EXE_ID NUMBER (4),
	PLAN_ID	 NUMBER  (4),
	CHECK_ID NUMBER (4),
	E_NAME VARCHAR2 (20),
	REPEITIIONS NUMBER (4),
	SETS NUMBER (4),
	DAYS NUMBER (4), 
	CONSTRAINT PK_EXERCISES PRIMARY KEY (EXE_ID),
	CONSTRAINT FK_EXERCISES1 FOREIGN KEY(PLAN_ID) REFERENCES PLANS(PLAN_ID),
	CONSTRAINT FK_ECERCISES2 FOREIGN KEY(CHECK_ID) REFERENCES CHECKLIST(CHECK_ID)
);
INSERT INTO EXERCISE VALUES (1,1,250,'squats',20,3,19);
INSERT INTO EXERCISE VALUES (2,2,250,'bench press',10,3,20);
INSERT INTO EXERCISE VALUES (3,3,250,'push ups',20,3,30);
INSERT INTO EXERCISE VALUES (4,4,250,'chin ups',5,3,13);
INSERT INTO EXERCISE VALUES (5,5,250,'plank',3,3,30);


CREATE TABLE EQUIPMENTS 
(
	EQUIP_ID NUMBER (4),
	EXE_ID NUMBER (4),
	EQUIP_NAME VARCHAR2 (20),
	CONSTRAINT PK_EQUIPMENTS PRIMARY KEY (EQUIP_ID),
	CONSTRAINT FK_EQUIPMENTS FOREIGN KEY(EXE_ID) REFERENCES EXERCISE(EXE_ID)
);

INSERT INTO EQUIPMENTS VALUES (1,1,'weights');
INSERT INTO EQUIPMENTS VALUES (2,2,'gymm bench');
INSERT INTO EQUIPMENTS VALUES (3,3,'push up board');
INSERT INTO EQUIPMENTS VALUES (4,5,'pull up bar');
INSERT INTO EQUIPMENTS VALUES (5,5,'weights');
